po_key,po_number,supplier_key,product_key,store_key,order_date_key,expected_date_key,received_date_key,qty_ordered,qty_received,unit_cost,status
1,PO-0000001,17,36,3,20260531,20260614,20260614,15,15,32.3,Received
2,PO-0000002,17,36,3,20260823,20260906,20260913,16,16,32.3,Received
3,PO-0000003,25,295,3,20260607,20260612,20260612,12,12,576.46,Received
4,PO-0000004,25,295,3,20260719,20260724,20260724,12,12,576.46,Received
5,PO-0000005,25,295,3,20260802,20260807,20260807,12,12,576.46,Received
6,PO-0000006,25,295,3,20260830,20260904,20260904,12,12,576.46,Received
7,PO-0000007,9,45,3,20260712,20260719,20260719,7,7,17.61,Received
8,PO-0000008,2,211,3,20260503,20260602,20260606,4,4,9.79,Received
9,PO-0000009,2,211,3,20260712,20260811,20260811,6,6,9.79,Received
10,PO-0000010,4,155,3,20260621,20260705,20260705,6,6,14.57,Received
11,PO-0000011,2,116,3,20260927,20261027,,4,,298.49,Open
12,PO-0000012,15,140,3,20260712,20260811,20260811,5,5,40.02,Received
13,PO-0000013,15,140,3,20260927,20261027,,6,,40.02,Open
14,PO-0000014,12,227,3,20260726,20260802,20260806,6,6,44.38,Received
15,PO-0000015,16,49,3,20260830,20260906,20260908,5,5,2.76,Received
16,PO-0000016,24,11,3,20260628,20260719,20260721,4,4,14.64,Received
17,PO-0000017,17,36,4,20260405,20260419,20260419,6,6,32.3,Received
18,PO-0000018,17,36,4,20260426,20260510,20260512,5,5,32.3,Received
19,PO-0000019,17,36,4,20260517,20260531,20260531,6,6,32.3,Received
20,PO-0000020,17,36,4,20260531,20260614,20260614,5,5,32.3,Received
21,PO-0000021,17,36,4,20260614,20260628,20260705,6,6,32.3,Received
22,PO-0000022,17,36,4,20260705,20260719,20260726,6,6,32.3,Received
23,PO-0000023,17,36,4,20260726,20260809,20260816,6,6,32.3,Received
24,PO-0000024,17,36,4,20260823,20260906,20260910,5,5,32.3,Received
25,PO-0000025,17,36,4,20260927,20261011,,6,,32.3,Open
26,PO-0000026,25,295,4,20260405,20260410,20260410,9,9,576.46,Received
27,PO-0000027,25,295,4,20260419,20260424,20260426,13,13,576.46,Received
28,PO-0000028,25,295,4,20260510,20260515,20260519,10,10,576.46,Received
29,PO-0000029,25,295,4,20260531,20260605,20260607,14,14,576.46,Received
30,PO-0000030,25,295,4,20260705,20260710,20260712,11,11,576.46,Received
31,PO-0000031,25,295,4,20260726,20260731,20260731,12,12,576.46,Received
32,PO-0000032,25,295,4,20260809,20260814,20260821,10,10,576.46,Received
33,PO-0000033,25,295,4,20260830,20260904,20260904,9,9,576.46,Received
34,PO-0000034,25,295,4,20260913,20260918,20260918,9,9,576.46,Received
35,PO-0000035,9,45,4,20260503,20260510,20260512,12,12,17.61,Received
36,PO-0000036,9,45,4,20260719,20260726,20260730,11,11,17.61,Received
37,PO-0000037,2,211,4,20260426,20260526,20260528,13,13,9.79,Received
38,PO-0000038,2,211,4,20260726,20260825,20260901,12,12,9.79,Received
39,PO-0000039,2,211,4,20260927,20261027,,11,,9.79,Open
40,PO-0000040,4,155,4,20260906,20260920,20260920,11,11,14.57,Received
41,PO-0000041,13,247,4,20260621,20260721,20260721,12,12,79.72,Received
42,PO-0000042,2,116,4,20260412,20260512,20260512,8,8,298.49,Received
43,PO-0000043,2,116,4,20260705,20260804,20260811,10,10,298.49,Received
44,PO-0000044,15,140,4,20260531,20260630,20260630,7,7,40.02,Received
45,PO-0000045,15,140,4,20260830,20260929,20260929,9,9,40.02,Received
46,PO-0000046,15,140,4,20260906,20261006,,10,,40.02,Open
47,PO-0000047,15,140,4,20260913,20261013,,8,,40.02,Open
48,PO-0000048,15,140,4,20260920,20261020,,10,,40.02,Open
49,PO-0000049,15,140,4,20260927,20261027,,9,,40.02,Open
50,PO-0000050,18,206,4,20260719,20260724,20260724,6,6,104.45,Received
51,PO-0000051,18,206,4,20260802,20260807,20260811,4,4,104.45,Received
52,PO-0000052,18,206,4,20260816,20260821,20260821,4,4,104.45,Received
53,PO-0000053,18,206,4,20260906,20260911,20260911,4,4,104.45,Received
54,PO-0000054,25,105,4,20260726,20260731,20260731,8,8,30.48,Received
55,PO-0000055,8,260,4,20260719,20260818,20260818,10,10,21.66,Received
56,PO-0000056,8,260,4,20260913,20261013,,14,,21.66,Open
57,PO-0000057,8,260,4,20260920,20261020,,13,,21.66,Open
58,PO-0000058,8,260,4,20260927,20261027,,13,,21.66,Open
59,PO-0000059,4,146,4,20260517,20260531,20260602,7,7,7.38,Received
60,PO-0000060,4,146,4,20260719,20260802,20260802,7,7,7.38,Received
61,PO-0000061,4,80,4,20260426,20260510,20260510,5,5,4.58,Received
62,PO-0000062,15,79,4,20260628,20260728,20260728,9,9,71.96,Received
63,PO-0000063,18,202,4,20260906,20260911,20260913,13,13,8.32,Received
64,PO-0000064,1,249,4,20260607,20260707,20260711,14,14,9.81,Received
65,PO-0000065,20,34,4,20260809,20260814,20260816,13,13,0.83,Received
66,PO-0000066,1,187,4,20260830,20260929,,6,,3.34,Open
67,PO-0000067,1,187,4,20260906,20261006,,8,,3.34,Open
68,PO-0000068,1,187,4,20260913,20261013,,10,,3.34,Open
69,PO-0000069,1,187,4,20260920,20261020,,10,,3.34,Open
70,PO-0000070,1,187,4,20260927,20261027,,8,,3.34,Open
71,PO-0000071,20,66,4,20260503,20260508,20260510,7,7,11.89,Received
72,PO-0000072,13,152,4,20260621,20260721,20260721,8,8,26.27,Received
73,PO-0000073,8,96,4,20260621,20260721,20260721,4,4,157.62,Received
74,PO-0000074,7,135,4,20260816,20260915,20260915,8,8,28.96,Received
75,PO-0000075,21,63,4,20260927,20261002,,5,,17.11,Open
76,PO-0000076,12,50,4,20260628,20260705,20260705,6,6,26.22,Received
77,PO-0000077,11,156,4,20260719,20260818,20260818,4,4,37.52,Received
78,PO-0000078,23,177,4,20260405,20260426,20260428,4,4,1.85,Received
79,PO-0000079,23,177,4,20260809,20260830,20260830,5,5,1.85,Received
80,PO-0000080,12,57,4,20260816,20260823,20260823,8,8,332.19,Received
81,PO-0000081,6,285,4,20260802,20260816,20260818,5,5,49.96,Received
82,PO-0000082,24,259,4,20260712,20260802,20260806,4,4,17.49,Received
83,PO-0000083,20,188,4,20260816,20260821,20260825,5,5,90.57,Received
84,PO-0000084,7,145,4,20260809,20260908,20260908,4,4,26.35,Received
85,PO-0000085,9,280,4,20260913,20260920,20260920,5,5,9.58,Received
86,PO-0000086,17,36,5,20260510,20260524,20260524,11,11,32.3,Received
87,PO-0000087,17,36,5,20260705,20260719,20260723,11,11,32.3,Received
88,PO-0000088,17,36,5,20260830,20260913,20260920,10,10,32.3,Received
89,PO-0000089,25,295,5,20260503,20260508,20260512,12,12,576.46,Received
90,PO-0000090,25,295,5,20260712,20260717,20260724,13,13,576.46,Received
91,PO-0000091,25,295,5,20260920,20260925,20260927,12,12,576.46,Received
92,PO-0000092,9,45,5,20260614,20260621,20260628,6,6,17.61,Received
93,PO-0000093,9,45,5,20260906,20260913,20260913,8,8,17.61,Received
94,PO-0000094,2,211,5,20260830,20260929,,10,,9.79,Open
95,PO-0000095,2,211,5,20260906,20261006,,13,,9.79,Open
96,PO-0000096,2,211,5,20260913,20261013,,14,,9.79,Open
97,PO-0000097,2,211,5,20260920,20261020,,14,,9.79,Open
98,PO-0000098,2,211,5,20260927,20261027,,13,,9.79,Open
99,PO-0000099,2,116,5,20260823,20260922,20260924,8,8,298.49,Received
100,PO-0000100,21,97,5,20260705,20260710,20260712,4,4,7.15,Received
101,PO-0000101,25,138,5,20260524,20260529,20260529,4,4,1.17,Received
102,PO-0000102,1,278,5,20260927,20261027,,7,,19.57,Open
103,PO-0000103,17,36,6,20260531,20260614,20260614,9,9,32.3,Received
104,PO-0000104,17,36,6,20260712,20260726,20260730,14,14,32.3,Received
105,PO-0000105,17,36,6,20260920,20261004,,10,,32.3,Open
106,PO-0000106,17,36,6,20260927,20261011,,14,,32.3,Open
107,PO-0000107,25,295,6,20260517,20260522,20260522,7,7,576.46,Received
108,PO-0000108,25,295,6,20260705,20260710,20260710,8,8,576.46,Received
109,PO-0000109,25,295,6,20260906,20260911,20260918,7,7,576.46,Received
110,PO-0000110,2,211,6,20260830,20260929,,6,,9.79,Open
111,PO-0000111,2,211,6,20260906,20261006,,8,,9.79,Open
112,PO-0000112,2,211,6,20260913,20261013,,7,,9.79,Open
113,PO-0000113,2,211,6,20260920,20261020,,7,,9.79,Open
114,PO-0000114,2,211,6,20260927,20261027,,8,,9.79,Open
115,PO-0000115,2,116,6,20260614,20260714,20260721,5,5,298.49,Received
116,PO-0000116,8,260,6,20260816,20260915,20260919,8,8,21.66,Received
117,PO-0000117,11,156,6,20260607,20260707,20260709,5,5,37.52,Received
118,PO-0000118,19,153,6,20260614,20260619,20260623,4,4,1.13,Received
119,PO-0000119,17,36,7,20260802,20260816,20260816,10,10,32.3,Received
120,PO-0000120,25,295,7,20260531,20260605,20260609,9,9,576.46,Received
121,PO-0000121,25,295,7,20260809,20260814,20260816,9,9,576.46,Received
122,PO-0000122,13,247,7,20260607,20260707,20260707,5,5,79.72,Received
123,PO-0000123,2,116,7,20260809,20260908,20260910,4,4,298.49,Received
124,PO-0000124,25,105,7,20260419,20260424,20260501,4,4,30.48,Received
125,PO-0000125,8,260,7,20260524,20260623,20260630,7,7,21.66,Received
126,PO-0000126,8,260,7,20260920,20261020,,7,,21.66,Open
127,PO-0000127,8,260,7,20260927,20261027,,8,,21.66,Open
128,PO-0000128,15,79,7,20260920,20261020,,5,,71.96,Open
129,PO-0000129,15,79,7,20260927,20261027,,6,,71.96,Open
130,PO-0000130,17,36,8,20260503,20260517,20260517,11,11,32.3,Received
131,PO-0000131,17,36,8,20260517,20260531,20260531,9,9,32.3,Received
132,PO-0000132,17,36,8,20260531,20260614,20260614,11,11,32.3,Received
133,PO-0000133,17,36,8,20260719,20260802,20260802,13,13,32.3,Received
134,PO-0000134,17,36,8,20260809,20260823,20260827,12,12,32.3,Received
135,PO-0000135,25,295,8,20260412,20260417,20260417,13,13,576.46,Received
136,PO-0000136,25,295,8,20260517,20260522,20260522,13,13,576.46,Received
137,PO-0000137,25,295,8,20260621,20260626,20260626,13,13,576.46,Received
138,PO-0000138,25,295,8,20260726,20260731,20260802,11,8,576.46,Received
139,PO-0000139,25,295,8,20260802,20260807,20260809,12,12,576.46,Received
140,PO-0000140,25,295,8,20260823,20260828,20260904,10,10,576.46,Received
141,PO-0000141,25,295,8,20260913,20260918,20260920,13,13,576.46,Received
142,PO-0000142,9,45,8,20260712,20260719,20260721,16,16,17.61,Received
143,PO-0000143,2,211,8,20260405,20260505,20260512,6,6,9.79,Received
144,PO-0000144,2,211,8,20260517,20260616,20260616,6,6,9.79,Received
145,PO-0000145,2,211,8,20260726,20260825,20260825,5,5,9.79,Received
146,PO-0000146,2,211,8,20260830,20260929,20260929,4,4,9.79,Received
147,PO-0000147,2,211,8,20260906,20261006,,4,,9.79,Open
148,PO-0000148,2,211,8,20260913,20261013,,6,,9.79,Open
149,PO-0000149,2,211,8,20260920,20261020,,6,,9.79,Open
150,PO-0000150,2,211,8,20260927,20261027,,6,,9.79,Open
151,PO-0000151,4,155,8,20260802,20260816,20260818,12,12,14.57,Received
152,PO-0000152,13,247,8,20260517,20260616,20260616,5,5,79.72,Received
153,PO-0000153,13,247,8,20260802,20260901,20260901,6,6,79.72,Received
154,PO-0000154,2,116,8,20260524,20260623,20260623,10,10,298.49,Received
155,PO-0000155,2,116,8,20260913,20261013,,13,,298.49,Open
156,PO-0000156,2,116,8,20260920,20261020,,17,,298.49,Open
157,PO-0000157,2,116,8,20260927,20261027,,15,,298.49,Open
158,PO-0000158,15,140,8,20260607,20260707,20260709,11,11,40.02,Received
159,PO-0000159,18,206,8,20260920,20260925,20260925,11,11,104.45,Received
160,PO-0000160,25,105,8,20260726,20260731,20260802,11,11,30.48,Received
161,PO-0000161,8,260,8,20260607,20260707,20260707,10,10,21.66,Received
162,PO-0000162,8,260,8,20260823,20260922,20260924,13,13,21.66,Received
163,PO-0000163,4,146,8,20260517,20260531,20260604,7,7,7.38,Received
164,PO-0000164,4,146,8,20260809,20260823,20260823,10,10,7.38,Received
165,PO-0000165,15,79,8,20260913,20261013,,13,,71.96,Open
166,PO-0000166,15,79,8,20260920,20261020,,11,,71.96,Open
167,PO-0000167,15,79,8,20260927,20261027,,10,,71.96,Open
168,PO-0000168,20,66,8,20260913,20260918,20260925,8,8,11.89,Received
169,PO-0000169,13,89,8,20260823,20260922,20260922,6,6,10.03,Received
170,PO-0000170,12,75,8,20260405,20260412,20260419,4,4,5.84,Received
171,PO-0000171,12,75,8,20260726,20260802,20260802,5,5,5.84,Received
172,PO-0000172,12,75,8,20260830,20260906,20260910,4,4,5.84,Received
173,PO-0000173,24,55,8,20260913,20261004,,5,,40.48,Open
174,PO-0000174,24,55,8,20260920,20261011,,4,,40.48,Open
175,PO-0000175,24,55,8,20260927,20261018,,4,,40.48,Open
176,PO-0000176,2,90,8,20260712,20260811,20260811,5,5,270.63,Received
177,PO-0000177,12,50,8,20260517,20260524,20260526,5,5,26.22,Received
178,PO-0000178,23,177,8,20260927,20261018,,5,,1.85,Open
179,PO-0000179,19,153,8,20260517,20260522,20260524,5,5,1.13,Received
180,PO-0000180,3,6,8,20260621,20260628,20260628,7,7,1.93,Received
181,PO-0000181,17,36,9,20260405,20260419,20260423,6,6,32.3,Received
182,PO-0000182,17,36,9,20260510,20260524,20260524,7,7,32.3,Received
183,PO-0000183,17,36,9,20260614,20260628,20260628,7,7,32.3,Received
184,PO-0000184,17,36,9,20260712,20260726,20260730,8,8,32.3,Received
185,PO-0000185,17,36,9,20260809,20260823,20260823,8,8,32.3,Received
186,PO-0000186,17,36,9,20260830,20260913,20260920,7,7,32.3,Received
187,PO-0000187,17,36,9,20260927,20261011,,8,,32.3,Open
188,PO-0000188,25,295,9,20260510,20260515,20260515,11,11,576.46,Received
189,PO-0000189,25,295,9,20260524,20260529,20260529,11,11,576.46,Received
190,PO-0000190,25,295,9,20260719,20260724,20260724,11,11,576.46,Received
191,PO-0000191,25,295,9,20260830,20260904,20260904,12,12,576.46,Received
192,PO-0000192,9,45,9,20260607,20260614,20260618,6,6,17.61,Received
193,PO-0000193,9,45,9,20260816,20260823,20260830,8,8,17.61,Received
194,PO-0000194,2,211,9,20260726,20260825,20260901,11,11,9.79,Received
195,PO-0000195,2,116,9,20260628,20260728,20260730,6,6,298.49,Received
196,PO-0000196,15,140,9,20260830,20260929,,9,,40.02,Open
197,PO-0000197,15,140,9,20260906,20261006,,11,,40.02,Open
198,PO-0000198,15,140,9,20260913,20261013,,11,,40.02,Open
199,PO-0000199,15,140,9,20260920,20261020,,11,,40.02,Open
200,PO-0000200,15,140,9,20260927,20261027,,12,,40.02,Open
201,PO-0000201,8,260,9,20260927,20261027,,10,,21.66,Open
202,PO-0000202,16,93,9,20260906,20260913,20260917,5,5,24.89,Received
203,PO-0000203,13,89,9,20260830,20260929,,7,,10.03,Open
204,PO-0000204,13,89,9,20260906,20261006,,8,,10.03,Open
205,PO-0000205,13,89,9,20260913,20261013,,8,,10.03,Open
206,PO-0000206,13,89,9,20260920,20261020,,6,,10.03,Open
207,PO-0000207,13,89,9,20260927,20261027,,8,,10.03,Open
208,PO-0000208,12,75,9,20260830,20260906,20260906,7,7,5.84,Received
209,PO-0000209,1,85,9,20260726,20260825,20260827,5,5,27.57,Received
210,PO-0000210,11,191,9,20260823,20260922,20260922,5,5,98.43,Received
211,PO-0000211,17,36,10,20260712,20260726,20260726,8,8,32.3,Received
212,PO-0000212,25,295,10,20260712,20260717,20260717,10,10,576.46,Received
213,PO-0000213,2,116,10,20260412,20260512,20260512,5,5,298.49,Received
214,PO-0000214,2,116,10,20260726,20260825,20260825,6,6,298.49,Received
215,PO-0000215,4,146,10,20260705,20260719,20260719,8,8,7.38,Received
216,PO-0000216,1,249,10,20260503,20260602,20260602,5,5,9.81,Received
217,PO-0000217,25,138,10,20260920,20260925,20260929,4,4,1.17,Received
218,PO-0000218,25,138,10,20260927,20261002,,4,,1.17,Open
219,PO-0000219,12,227,10,20260614,20260621,20260628,4,4,44.38,Received
220,PO-0000220,21,282,10,20260517,20260522,20260529,6,6,291.55,Received
221,PO-0000221,17,36,11,20260628,20260712,20260712,11,11,32.3,Received
222,PO-0000222,17,36,11,20260816,20260830,20260830,14,14,32.3,Received
223,PO-0000223,17,36,11,20260927,20261011,,13,,32.3,Open
224,PO-0000224,25,295,11,20260426,20260501,20260501,6,6,576.46,Received
225,PO-0000225,25,295,11,20260524,20260529,20260531,5,5,576.46,Received
226,PO-0000226,25,295,11,20260531,20260605,20260609,5,5,576.46,Received
227,PO-0000227,25,295,11,20260628,20260703,20260703,6,6,576.46,Received
228,PO-0000228,25,295,11,20260830,20260904,20260904,4,4,576.46,Received
229,PO-0000229,9,45,11,20260510,20260517,20260517,7,7,17.61,Received
230,PO-0000230,9,45,11,20260628,20260705,20260705,7,7,17.61,Received
231,PO-0000231,9,45,11,20260913,20260920,20260920,7,7,17.61,Received
232,PO-0000232,2,211,11,20260927,20261027,,12,,9.79,Open
233,PO-0000233,13,247,11,20260816,20260915,20260922,4,4,79.72,Received
234,PO-0000234,2,116,11,20260830,20260929,20260929,8,8,298.49,Received
235,PO-0000235,2,116,11,20260906,20261006,,7,,298.49,Open
236,PO-0000236,2,116,11,20260913,20261013,,6,,298.49,Open
237,PO-0000237,2,116,11,20260920,20261020,,8,,298.49,Open
238,PO-0000238,2,116,11,20260927,20261027,,8,,298.49,Open
239,PO-0000239,15,140,11,20260816,20260915,20260919,12,12,40.02,Received
240,PO-0000240,18,206,11,20260913,20260918,20260925,12,12,104.45,Received
241,PO-0000241,8,260,11,20260920,20261020,,6,,21.66,Open
242,PO-0000242,8,260,11,20260927,20261027,,8,,21.66,Open
243,PO-0000243,18,202,11,20260614,20260619,20260626,10,10,8.32,Received
244,PO-0000244,17,36,12,20260405,20260419,20260426,6,6,32.3,Received
245,PO-0000245,17,36,12,20260503,20260517,20260519,6,6,32.3,Received
246,PO-0000246,17,36,12,20260607,20260621,20260628,9,9,32.3,Received
247,PO-0000247,17,36,12,20260712,20260726,20260726,9,9,32.3,Received
248,PO-0000248,17,36,12,20260830,20260913,20260920,8,8,32.3,Received
249,PO-0000249,17,36,12,20260920,20261004,,8,,32.3,Open
250,PO-0000250,17,36,12,20260927,20261011,,7,,32.3,Open
251,PO-0000251,25,295,12,20260510,20260515,20260522,13,13,576.46,Received
252,PO-0000252,25,295,12,20260614,20260619,20260621,13,13,576.46,Received
253,PO-0000253,25,295,12,20260705,20260710,20260712,11,11,576.46,Received
254,PO-0000254,25,295,12,20260726,20260731,20260802,16,16,576.46,Received
255,PO-0000255,25,295,12,20260816,20260821,20260821,13,13,576.46,Received
256,PO-0000256,25,295,12,20260906,20260911,20260913,17,17,576.46,Received
257,PO-0000257,25,295,12,20260920,20260925,20260925,12,12,576.46,Received
258,PO-0000258,9,45,12,20260614,20260621,20260625,4,4,17.61,Received
259,PO-0000259,9,45,12,20260816,20260823,20260823,4,4,17.61,Received
260,PO-0000260,9,45,12,20260830,20260906,20260913,6,6,17.61,Received
261,PO-0000261,2,211,12,20260503,20260602,20260602,5,5,9.79,Received
262,PO-0000262,2,211,12,20260628,20260728,20260728,5,5,9.79,Received
263,PO-0000263,2,211,12,20260906,20261006,,5,,9.79,Open
264,PO-0000264,2,211,12,20260913,20261013,,5,,9.79,Open
265,PO-0000265,2,211,12,20260920,20261020,,6,,9.79,Open
266,PO-0000266,2,211,12,20260927,20261027,,5,,9.79,Open
267,PO-0000267,4,155,12,20260719,20260802,20260802,12,12,14.57,Received
268,PO-0000268,13,247,12,20260621,20260721,20260721,8,8,79.72,Received
269,PO-0000269,2,116,12,20260705,20260804,20260804,11,11,298.49,Received
270,PO-0000270,15,140,12,20260419,20260519,20260519,8,8,40.02,Received
271,PO-0000271,15,140,12,20260614,20260714,20260718,9,9,40.02,Received
272,PO-0000272,18,206,12,20260719,20260724,20260724,6,6,104.45,Received
273,PO-0000273,18,206,12,20260823,20260828,20260828,5,5,104.45,Received
274,PO-0000274,18,206,12,20260913,20260918,20260918,4,4,104.45,Received
275,PO-0000275,25,105,12,20260802,20260807,20260809,17,17,30.48,Received
276,PO-0000276,8,260,12,20260510,20260609,20260613,10,10,21.66,Received
277,PO-0000277,8,260,12,20260719,20260818,20260825,7,7,21.66,Received
278,PO-0000278,8,260,12,20260920,20261020,,8,,21.66,Open
279,PO-0000279,8,260,12,20260927,20261027,,10,,21.66,Open
280,PO-0000280,4,146,12,20260531,20260614,20260614,8,8,7.38,Received
281,PO-0000281,4,146,12,20260726,20260809,20260809,10,10,7.38,Received
282,PO-0000282,4,80,12,20260705,20260719,20260726,4,4,4.58,Received
283,PO-0000283,4,80,12,20260927,20261011,,4,,4.58,Open
284,PO-0000284,20,34,12,20260913,20260918,20260918,9,9,0.83,Received
285,PO-0000285,21,97,12,20260621,20260626,20260626,8,8,7.15,Received
286,PO-0000286,20,66,12,20260830,20260904,20260904,7,7,11.89,Received
287,PO-0000287,20,66,12,20260927,20261002,,6,,11.89,Open
288,PO-0000288,12,75,12,20260517,20260524,20260524,5,5,5.84,Received
289,PO-0000289,16,35,12,20260920,20260927,20260929,4,4,2.91,Received
290,PO-0000290,16,35,12,20260927,20261004,,5,,2.91,Open
291,PO-0000291,16,49,12,20260906,20260913,20260920,7,7,2.76,Received
292,PO-0000292,1,85,12,20260712,20260811,20260813,6,6,27.57,Received
293,PO-0000293,6,285,12,20260913,20260927,,8,,49.96,Open
294,PO-0000294,6,285,12,20260920,20261004,,9,,49.96,Open
295,PO-0000295,6,285,12,20260927,20261011,,7,,49.96,Open
296,PO-0000296,3,106,12,20260607,20260614,20260614,6,6,7.42,Received
297,PO-0000297,8,23,12,20260809,20260908,20260908,6,6,46.28,Received
298,PO-0000298,17,36,13,20260531,20260614,20260614,9,9,32.3,Received
299,PO-0000299,17,36,13,20260726,20260809,20260813,14,14,32.3,Received
300,PO-0000300,17,36,13,20260830,20260913,20260913,10,10,32.3,Received
301,PO-0000301,25,295,13,20260426,20260501,20260503,8,8,576.46,Received
302,PO-0000302,25,295,13,20260607,20260612,20260612,10,10,576.46,Received
303,PO-0000303,25,295,13,20260614,20260619,20260626,9,9,576.46,Received
304,PO-0000304,25,295,13,20260712,20260717,20260717,6,6,576.46,Received
305,PO-0000305,25,295,13,20260726,20260731,20260731,6,6,576.46,Received
306,PO-0000306,25,295,13,20260809,20260814,20260816,9,9,576.46,Received
307,PO-0000307,25,295,13,20260913,20260918,20260922,8,8,576.46,Received
308,PO-0000308,9,45,13,20260719,20260726,20260802,10,10,17.61,Received
309,PO-0000309,2,211,13,20260412,20260512,20260514,5,5,9.79,Received
310,PO-0000310,2,211,13,20260621,20260721,20260721,4,3,9.79,Received
311,PO-0000311,2,211,13,20260802,20260901,20260905,6,6,9.79,Received
312,PO-0000312,2,211,13,20260913,20261013,,6,,9.79,Open
313,PO-0000313,2,211,13,20260920,20261020,,5,,9.79,Open
314,PO-0000314,2,211,13,20260927,20261027,,6,,9.79,Open
315,PO-0000315,13,247,13,20260802,20260901,20260901,6,6,79.72,Received
316,PO-0000316,2,116,13,20260823,20260922,20260922,14,14,298.49,Received
317,PO-0000317,15,140,13,20260927,20261027,,6,,40.02,Open
318,PO-0000318,18,206,13,20260906,20260911,20260913,4,4,104.45,Received
319,PO-0000319,8,260,13,20260419,20260519,20260526,5,5,21.66,Received
320,PO-0000320,8,260,13,20260927,20261027,,4,,21.66,Open
321,PO-0000321,4,146,13,20260621,20260705,20260712,13,13,7.38,Received
322,PO-0000322,4,80,13,20260927,20261011,,5,,4.58,Open
323,PO-0000323,24,11,13,20260524,20260614,20260616,5,5,14.64,Received
324,PO-0000324,17,36,14,20260405,20260419,20260419,5,5,32.3,Received
325,PO-0000325,17,36,14,20260503,20260517,20260517,6,6,32.3,Received
326,PO-0000326,17,36,14,20260607,20260621,20260628,5,5,32.3,Received
327,PO-0000327,17,36,14,20260712,20260726,20260726,4,4,32.3,Received
328,PO-0000328,17,36,14,20260823,20260906,20260908,6,6,32.3,Received
329,PO-0000329,17,36,14,20260927,20261011,,6,,32.3,Open
330,PO-0000330,25,295,14,20260419,20260424,20260428,8,8,576.46,Received
331,PO-0000331,25,295,14,20260517,20260522,20260522,7,7,576.46,Received
332,PO-0000332,25,295,14,20260628,20260703,20260703,7,7,576.46,Received
333,PO-0000333,25,295,14,20260816,20260821,20260825,9,7,576.46,Received
334,PO-0000334,25,295,14,20260913,20260918,20260918,6,6,576.46,Received
335,PO-0000335,25,295,14,20260920,20260925,20260925,8,8,576.46,Received
336,PO-0000336,9,45,14,20260719,20260726,20260728,11,11,17.61,Received
337,PO-0000337,2,211,14,20260628,20260728,20260804,11,11,9.79,Received
338,PO-0000338,4,155,14,20260426,20260510,20260510,5,5,14.57,Received
339,PO-0000339,4,155,14,20260712,20260726,20260802,6,6,14.57,Received
340,PO-0000340,13,247,14,20260920,20261020,,8,,79.72,Open
341,PO-0000341,13,247,14,20260927,20261027,,8,,79.72,Open
342,PO-0000342,15,140,14,20260517,20260616,20260623,4,4,40.02,Received
343,PO-0000343,15,140,14,20260809,20260908,20260910,5,5,40.02,Received
344,PO-0000344,4,80,14,20260726,20260809,20260813,8,8,4.58,Received
