doc_id,principal_type,principal_id
DOC-000001,ALL,*
DOC-000002,ALL,*
DOC-000003,ALL,*
DOC-000004,ALL,*
DOC-000005,ALL,*
DOC-000006,ALL,*
DOC-000007,ALL,*
DOC-000008,DEPARTMENT,HR
DOC-000008,DEPARTMENT,LEG
DOC-000009,ALL,*
DOC-000010,ALL,*
DOC-000011,ALL,*
DOC-000012,ALL,*
DOC-000013,ALL,*
DOC-000014,ALL,*
DOC-000015,ALL,*
DOC-000016,ALL,*
DOC-000017,ALL,*
DOC-000018,DEPARTMENT,HR
DOC-000018,DEPARTMENT,LEG
DOC-000019,ALL,*
DOC-000020,ALL,*
DOC-000021,ALL,*
DOC-000022,DEPARTMENT,ENG
DOC-000022,DEPARTMENT,LEG
DOC-000023,DEPARTMENT,HR
DOC-000023,DEPARTMENT,LEG
DOC-000024,ALL,*
DOC-000025,ALL,*
DOC-000026,ALL,*
DOC-000027,ALL,*
DOC-000028,ALL,*
DOC-000029,ALL,*
DOC-000030,ALL,*
DOC-000031,ALL,*
DOC-000032,DEPARTMENT,LEG
DOC-000032,DEPARTMENT,LEG
DOC-000033,ALL,*
DOC-000034,ALL,*
DOC-000035,ALL,*
DOC-000036,ALL,*
DOC-000037,DEPARTMENT,LEG
DOC-000037,DEPARTMENT,LEG
DOC-000038,ALL,*
DOC-000039,ALL,*
DOC-000040,ALL,*
DOC-000041,ALL,*
DOC-000042,ALL,*
DOC-000043,ALL,*
DOC-000044,ALL,*
DOC-000045,DEPARTMENT,HR
DOC-000045,DEPARTMENT,LEG
DOC-000046,ALL,*
DOC-000047,ALL,*
DOC-000048,ALL,*
DOC-000049,ALL,*
DOC-000050,ALL,*
DOC-000051,DEPARTMENT,IT
DOC-000051,DEPARTMENT,LEG
DOC-000052,ALL,*
DOC-000053,ALL,*
DOC-000054,ALL,*
DOC-000055,DEPARTMENT,FIN
DOC-000055,DEPARTMENT,LEG
DOC-000056,ALL,*
DOC-000057,ALL,*
DOC-000058,DEPARTMENT,FIN
DOC-000058,DEPARTMENT,LEG
DOC-000059,ALL,*
DOC-000060,ALL,*
DOC-000061,ALL,*
DOC-000062,ALL,*
DOC-000063,ALL,*
DOC-000064,ALL,*
DOC-000065,ALL,*
DOC-000066,DEPARTMENT,FIN
DOC-000066,DEPARTMENT,LEG
DOC-000067,ALL,*
DOC-000068,ALL,*
DOC-000069,ALL,*
DOC-000070,ALL,*
DOC-000071,ALL,*
DOC-000072,ALL,*
DOC-000073,ALL,*
DOC-000074,ALL,*
DOC-000075,ALL,*
DOC-000076,ALL,*
DOC-000077,ALL,*
DOC-000078,ALL,*
DOC-000079,ALL,*
DOC-000080,ALL,*
DOC-000081,ALL,*
DOC-000082,ALL,*
DOC-000083,ALL,*
DOC-000084,ALL,*
DOC-000085,ALL,*
DOC-000086,ALL,*
DOC-000087,ALL,*
DOC-000088,ALL,*
DOC-000089,ALL,*
DOC-000090,ALL,*
DOC-000091,ALL,*
DOC-000092,ALL,*
DOC-000093,ALL,*
DOC-000094,ALL,*
DOC-000095,ALL,*
DOC-000096,DEPARTMENT,ENG
DOC-000096,DEPARTMENT,LEG
DOC-000097,DEPARTMENT,ENG
DOC-000097,DEPARTMENT,LEG
DOC-000098,ALL,*
DOC-000099,ALL,*
DOC-000100,ALL,*
DOC-000101,ALL,*
DOC-000102,ALL,*
DOC-000103,ALL,*
DOC-000104,ALL,*
DOC-000105,ALL,*
DOC-000106,ALL,*
DOC-000107,DEPARTMENT,ENG
DOC-000107,DEPARTMENT,LEG
DOC-000108,DEPARTMENT,ENG
DOC-000108,DEPARTMENT,LEG
DOC-000109,ALL,*
DOC-000110,DEPARTMENT,ENG
DOC-000110,DEPARTMENT,LEG
DOC-000111,ALL,*
DOC-000112,ALL,*
DOC-000113,ALL,*
DOC-000114,DEPARTMENT,ENG
DOC-000114,DEPARTMENT,LEG
DOC-000115,ALL,*
DOC-000116,DEPARTMENT,ENG
DOC-000116,DEPARTMENT,LEG
DOC-000117,ALL,*
DOC-000118,ALL,*
DOC-000119,DEPARTMENT,ENG
DOC-000119,DEPARTMENT,LEG
DOC-000120,ALL,*
DOC-000121,ALL,*
DOC-000122,ALL,*
DOC-000123,ALL,*
DOC-000124,ALL,*
DOC-000125,DEPARTMENT,ENG
DOC-000125,DEPARTMENT,LEG
DOC-000126,DEPARTMENT,ENG
DOC-000126,DEPARTMENT,LEG
DOC-000127,ALL,*
DOC-000128,DEPARTMENT,ENG
DOC-000128,DEPARTMENT,LEG
DOC-000129,ALL,*
DOC-000130,DEPARTMENT,ENG
DOC-000130,DEPARTMENT,LEG
DOC-000131,DEPARTMENT,ENG
DOC-000131,DEPARTMENT,LEG
DOC-000132,DEPARTMENT,ENG
DOC-000132,DEPARTMENT,LEG
DOC-000133,ALL,*
DOC-000134,ALL,*
DOC-000135,ALL,*
DOC-000136,ALL,*
DOC-000137,ALL,*
DOC-000138,ALL,*
DOC-000139,ALL,*
DOC-000140,ALL,*
DOC-000141,ALL,*
DOC-000142,DEPARTMENT,ENG
DOC-000143,DEPARTMENT,ENG
DOC-000143,DEPARTMENT,LEG
DOC-000144,ALL,*
DOC-000145,ALL,*
DOC-000146,ALL,*
DOC-000147,ALL,*
DOC-000148,DEPARTMENT,ENG
DOC-000148,DEPARTMENT,LEG
DOC-000149,DEPARTMENT,ENG
DOC-000149,DEPARTMENT,LEG
DOC-000150,DEPARTMENT,ENG
DOC-000150,DEPARTMENT,LEG
DOC-000151,DEPARTMENT,ENG
DOC-000151,DEPARTMENT,LEG
DOC-000152,DEPARTMENT,ENG
DOC-000153,DEPARTMENT,ENG
DOC-000153,DEPARTMENT,LEG
DOC-000154,ALL,*
DOC-000155,ALL,*
DOC-000156,DEPARTMENT,ENG
DOC-000157,ALL,*
DOC-000158,ALL,*
DOC-000159,ALL,*
DOC-000160,DEPARTMENT,IT
DOC-000161,DEPARTMENT,IT
DOC-000161,DEPARTMENT,LEG
DOC-000162,ALL,*
DOC-000163,ALL,*
DOC-000164,ALL,*
DOC-000165,DEPARTMENT,IT
DOC-000166,DEPARTMENT,IT
DOC-000166,DEPARTMENT,LEG
DOC-000167,DEPARTMENT,OPS
DOC-000167,DEPARTMENT,LEG
DOC-000168,DEPARTMENT,DAT
DOC-000168,DEPARTMENT,LEG
DOC-000169,ALL,*
DOC-000170,DEPARTMENT,ENG
DOC-000170,DEPARTMENT,LEG
DOC-000171,DEPARTMENT,IT
DOC-000172,DEPARTMENT,SUP
DOC-000172,DEPARTMENT,LEG
DOC-000173,ALL,*
DOC-000174,ALL,*
DOC-000175,ALL,*
DOC-000176,ALL,*
DOC-000177,ALL,*
DOC-000178,ALL,*
DOC-000179,ALL,*
DOC-000180,ALL,*
DOC-000181,ALL,*
DOC-000182,DEPARTMENT,HR
DOC-000182,DEPARTMENT,LEG
DOC-000183,ALL,*
DOC-000184,ALL,*
DOC-000185,DEPARTMENT,FIN
DOC-000185,DEPARTMENT,LEG
DOC-000186,ALL,*
DOC-000187,DEPARTMENT,OPS
DOC-000187,DEPARTMENT,LEG
DOC-000188,DEPARTMENT,SUP
DOC-000188,DEPARTMENT,LEG
DOC-000189,DEPARTMENT,OPS
DOC-000189,DEPARTMENT,LEG
DOC-000190,ALL,*
DOC-000191,ALL,*
DOC-000192,ALL,*
DOC-000193,ALL,*
DOC-000194,ALL,*
DOC-000195,ALL,*
DOC-000196,ALL,*
DOC-000197,ALL,*
DOC-000198,ALL,*
DOC-000199,DEPARTMENT,DAT
DOC-000199,DEPARTMENT,LEG
DOC-000200,DEPARTMENT,SUP
DOC-000200,DEPARTMENT,LEG
DOC-000201,DEPARTMENT,FIN
DOC-000201,DEPARTMENT,LEG
DOC-000202,ALL,*
DOC-000203,DEPARTMENT,IT
DOC-000203,DEPARTMENT,LEG
DOC-000204,DEPARTMENT,LEG
DOC-000204,DEPARTMENT,LEG
DOC-000205,ALL,*
DOC-000206,ALL,*
DOC-000207,ALL,*
DOC-000208,ALL,*
DOC-000209,ALL,*
DOC-000210,DEPARTMENT,SAL
DOC-000210,DEPARTMENT,LEG
DOC-000211,ALL,*
DOC-000212,ALL,*
DOC-000213,DEPARTMENT,IT
DOC-000213,DEPARTMENT,LEG
DOC-000214,ALL,*
DOC-000215,ALL,*
DOC-000216,ALL,*
DOC-000217,ALL,*
DOC-000218,ALL,*
DOC-000219,ALL,*
DOC-000220,DEPARTMENT,SUP
DOC-000221,ALL,*
DOC-000222,ALL,*
DOC-000223,DEPARTMENT,IT
DOC-000223,DEPARTMENT,LEG
DOC-000224,DEPARTMENT,FIN
DOC-000224,DEPARTMENT,LEG
DOC-000225,ALL,*
DOC-000226,ALL,*
DOC-000227,ALL,*
DOC-000228,ALL,*
DOC-000229,ALL,*
DOC-000230,DEPARTMENT,FIN
DOC-000230,DEPARTMENT,LEG
DOC-000231,DEPARTMENT,IT
DOC-000231,DEPARTMENT,LEG
DOC-000232,ALL,*
DOC-000233,ALL,*
DOC-000234,ALL,*
DOC-000235,ALL,*
DOC-000236,ALL,*
DOC-000237,ALL,*
DOC-000238,ALL,*
DOC-000239,ALL,*
DOC-000240,ALL,*
DOC-000241,ALL,*
DOC-000242,ALL,*
DOC-000243,ALL,*
DOC-000244,ALL,*
DOC-000245,ALL,*
DOC-000246,ALL,*
DOC-000247,DEPARTMENT,OPS
DOC-000247,DEPARTMENT,LEG
DOC-000248,ALL,*
DOC-000249,ALL,*
DOC-000250,DEPARTMENT,FIN
DOC-000250,DEPARTMENT,LEG
DOC-000251,ALL,*
DOC-000252,DEPARTMENT,IT
DOC-000252,DEPARTMENT,LEG
DOC-000253,ALL,*
DOC-000254,ALL,*
DOC-000255,DEPARTMENT,DAT
DOC-000256,ALL,*
DOC-000257,DEPARTMENT,SUP
DOC-000257,DEPARTMENT,LEG
DOC-000258,ALL,*
DOC-000259,DEPARTMENT,DAT
DOC-000260,ALL,*
DOC-000261,ALL,*
DOC-000262,ALL,*
DOC-000263,ALL,*
DOC-000264,DEPARTMENT,FIN
DOC-000265,ALL,*
DOC-000266,DEPARTMENT,SUP
DOC-000266,DEPARTMENT,LEG
DOC-000267,DEPARTMENT,ENG
DOC-000267,DEPARTMENT,LEG
DOC-000268,ALL,*
DOC-000269,ALL,*
DOC-000270,ALL,*
DOC-000271,DEPARTMENT,DAT
DOC-000271,DEPARTMENT,LEG
DOC-000272,ALL,*
DOC-000273,ALL,*
DOC-000274,DEPARTMENT,LEG
DOC-000274,DEPARTMENT,LEG
DOC-000275,ALL,*
DOC-000276,DEPARTMENT,OPS
DOC-000276,DEPARTMENT,LEG
DOC-000277,DEPARTMENT,SUP
DOC-000277,DEPARTMENT,LEG
DOC-000278,ALL,*
DOC-000279,DEPARTMENT,OPS
DOC-000279,DEPARTMENT,LEG
DOC-000280,DEPARTMENT,IT
DOC-000280,DEPARTMENT,LEG
DOC-000281,DEPARTMENT,OPS
DOC-000282,ALL,*
DOC-000283,ALL,*
DOC-000284,ALL,*
DOC-000285,ALL,*
DOC-000286,ALL,*
DOC-000287,ALL,*
DOC-000288,ALL,*
DOC-000289,ALL,*
DOC-000290,ALL,*
DOC-000291,DEPARTMENT,DAT
DOC-000291,DEPARTMENT,LEG
DOC-000292,DEPARTMENT,DAT
DOC-000292,DEPARTMENT,LEG
DOC-000293,ALL,*
DOC-000294,ALL,*
DOC-000295,ALL,*
DOC-000296,ALL,*
DOC-000297,DEPARTMENT,OPS
DOC-000297,DEPARTMENT,LEG
DOC-000298,DEPARTMENT,LEG
DOC-000298,DEPARTMENT,LEG
DOC-000299,ALL,*
DOC-000300,ALL,*
