project_id,name,department_id,owner_id,sponsor_id,status,start_date,target_date,budget_usd,priority
PRJ-0001,Project Harbor,MKT,35,10,Completed,2026-06-30,2027-09-11,655000,P1
PRJ-0002,Project Orion,OPS,120,5,Completed,2025-11-08,2026-08-30,255000,P1
PRJ-0003,Project Indigo,SUP,134,4,In Progress,2025-11-21,2026-05-01,4815000,P3
PRJ-0004,Project Nebula,IT,188,9,Planning,2024-09-05,2025-08-04,1935000,P2
PRJ-0005,Project Kestrel,IT,18,9,Completed,2025-12-09,2027-01-25,4015000,P2
PRJ-0006,Project Yonder,FIN,115,7,In Progress,2023-11-07,2024-09-03,2150000,P3
PRJ-0007,Project Cascade,SUP,66,4,Completed,2025-12-27,2026-09-18,1860000,P3
PRJ-0008,Project Aurora,FIN,115,7,In Progress,2024-12-15,2025-12-26,1520000,P1
PRJ-0009,Project Quartz,IT,18,9,Completed,2024-02-18,2025-07-15,1435000,P3
PRJ-0010,Project Xenon,IT,9,9,Completed,2023-10-09,2024-01-09,4805000,P1
PRJ-0011,Project Summit,OPS,120,5,On Hold,2023-03-18,2023-09-13,4565000,P1
PRJ-0012,Project Keystone,DAT,151,6,In Progress,2026-05-19,2026-10-10,1505000,P2
PRJ-0013,Project Lotus,DAT,151,6,Completed,2024-01-31,2024-07-28,4430000,P3
PRJ-0014,Project Glacier,ENG,38,2,On Hold,2025-02-24,2025-09-22,3905000,P2
PRJ-0015,Project Meridian,IT,42,9,Completed,2023-11-24,2024-09-16,4775000,P3
PRJ-0016,Project Lantern,SUP,66,4,On Hold,2026-05-25,2027-03-02,3640000,P3
PRJ-0017,Project Ibis,SAL,17,3,Completed,2023-05-07,2024-10-02,4670000,P3
PRJ-0018,Project Ember,OPS,165,5,Planning,2026-04-09,2027-03-15,4650000,P3
PRJ-0019,Project Jade,DAT,198,6,In Progress,2023-01-07,2024-04-22,3010000,P1
PRJ-0020,Project Dynamo,SAL,56,3,On Hold,2023-03-06,2023-10-28,970000,P1
PRJ-0021,Project Atlas,SUP,175,4,Planning,2024-04-01,2025-08-31,3920000,P1
PRJ-0022,Project Rift,FIN,16,7,Planning,2024-07-18,2025-01-20,210000,P3
PRJ-0023,Project Comet,OPS,165,5,On Hold,2023-04-01,2024-01-21,1245000,P3
PRJ-0024,Project Beacon,FIN,117,7,In Progress,2026-05-09,2027-09-06,1260000,P2
PRJ-0025,Project Vertex,LEG,13,11,On Hold,2026-07-06,2027-09-16,2895000,P2
PRJ-0026,Project Umbra,HR,200,8,On Hold,2023-11-02,2024-07-02,990000,P3
PRJ-0027,Project Tundra,SUP,66,4,In Progress,2024-05-12,2024-12-18,1740000,P3
PRJ-0028,Project Horizon,DAT,61,6,Planning,2026-05-23,2027-06-25,4520000,P1
PRJ-0029,Project Juniper,FIN,71,7,In Progress,2023-02-01,2023-08-18,4975000,P3
PRJ-0030,Project Eclipse,HR,8,8,In Progress,2026-02-04,2026-10-16,1995000,P2
