project_id,employee_id,role
PRJ-0001,35,Project Owner
PRJ-0001,101,QA
PRJ-0001,96,Stakeholder
PRJ-0001,87,Analyst
PRJ-0002,120,Project Owner
PRJ-0002,36,PM
PRJ-0002,183,QA
PRJ-0002,86,PM
PRJ-0003,134,Project Owner
PRJ-0003,42,QA
PRJ-0003,101,Stakeholder
PRJ-0003,158,QA
PRJ-0003,190,QA
PRJ-0003,77,QA
PRJ-0004,188,Project Owner
PRJ-0004,29,QA
PRJ-0004,107,PM
PRJ-0004,150,Stakeholder
PRJ-0004,79,QA
PRJ-0004,186,QA
PRJ-0004,177,Analyst
PRJ-0004,162,Engineer
PRJ-0004,7,QA
PRJ-0005,18,Project Owner
PRJ-0005,175,Engineer
PRJ-0005,63,Analyst
PRJ-0005,9,Engineer
PRJ-0005,147,PM
PRJ-0006,115,Project Owner
PRJ-0006,121,Analyst
PRJ-0006,189,QA
PRJ-0006,187,Stakeholder
PRJ-0006,16,PM
PRJ-0006,181,QA
PRJ-0006,36,PM
PRJ-0006,133,Stakeholder
PRJ-0007,66,Project Owner
PRJ-0007,175,Stakeholder
PRJ-0007,165,QA
PRJ-0007,178,Stakeholder
PRJ-0007,68,Analyst
PRJ-0007,157,Stakeholder
PRJ-0007,124,Stakeholder
PRJ-0007,50,Analyst
PRJ-0007,64,PM
PRJ-0008,115,Project Owner
PRJ-0008,174,Stakeholder
PRJ-0008,140,Engineer
PRJ-0008,98,Stakeholder
PRJ-0008,102,Engineer
PRJ-0008,89,Stakeholder
PRJ-0008,198,PM
PRJ-0008,38,Stakeholder
PRJ-0009,18,Project Owner
PRJ-0009,70,Engineer
PRJ-0009,36,QA
PRJ-0009,28,Analyst
PRJ-0009,158,Analyst
PRJ-0009,190,Engineer
PRJ-0009,151,Engineer
PRJ-0009,62,PM
PRJ-0009,63,Stakeholder
PRJ-0010,9,Project Owner
PRJ-0010,168,Stakeholder
PRJ-0010,122,Stakeholder
PRJ-0010,123,Stakeholder
PRJ-0010,167,Engineer
PRJ-0010,52,Engineer
PRJ-0010,194,QA
PRJ-0011,120,Project Owner
PRJ-0011,102,Stakeholder
PRJ-0011,127,Engineer
PRJ-0011,48,Engineer
PRJ-0012,151,Project Owner
PRJ-0012,140,Engineer
PRJ-0012,135,Stakeholder
PRJ-0012,127,Analyst
PRJ-0012,35,PM
PRJ-0012,130,Stakeholder
PRJ-0012,120,Analyst
PRJ-0012,70,Engineer
PRJ-0012,50,Stakeholder
PRJ-0013,151,Project Owner
PRJ-0013,110,Engineer
PRJ-0013,132,Analyst
PRJ-0013,84,Analyst
PRJ-0013,23,PM
PRJ-0013,103,Stakeholder
PRJ-0013,172,Analyst
PRJ-0014,38,Project Owner
PRJ-0014,78,Stakeholder
PRJ-0014,150,Stakeholder
PRJ-0014,186,Analyst
PRJ-0014,147,Engineer
PRJ-0014,3,Engineer
PRJ-0015,42,Project Owner
PRJ-0015,177,QA
PRJ-0015,31,Analyst
PRJ-0015,164,Analyst
PRJ-0015,76,Analyst
PRJ-0015,95,PM
PRJ-0016,66,Project Owner
PRJ-0016,194,QA
PRJ-0016,138,Engineer
PRJ-0016,171,QA
PRJ-0016,56,PM
PRJ-0016,196,QA
PRJ-0016,64,Stakeholder
PRJ-0017,17,Project Owner
PRJ-0017,147,Stakeholder
PRJ-0017,138,QA
PRJ-0017,39,PM
PRJ-0017,43,Engineer
PRJ-0018,165,Project Owner
PRJ-0018,15,Engineer
PRJ-0018,117,QA
PRJ-0018,34,PM
PRJ-0018,132,Stakeholder
PRJ-0018,107,Engineer
PRJ-0018,145,PM
PRJ-0019,198,Project Owner
PRJ-0019,109,Engineer
PRJ-0019,89,QA
PRJ-0019,180,Engineer
PRJ-0020,56,Project Owner
PRJ-0020,187,QA
PRJ-0020,166,Analyst
PRJ-0020,108,Stakeholder
PRJ-0020,96,Engineer
PRJ-0020,98,Analyst
PRJ-0020,115,QA
PRJ-0020,97,PM
PRJ-0020,21,QA
PRJ-0021,175,Project Owner
PRJ-0021,119,QA
PRJ-0021,173,PM
PRJ-0021,185,Analyst
PRJ-0021,140,Analyst
PRJ-0021,109,PM
PRJ-0022,16,Project Owner
PRJ-0022,158,Engineer
PRJ-0022,197,QA
PRJ-0022,5,Engineer
PRJ-0022,62,PM
PRJ-0022,53,QA
PRJ-0022,18,Engineer
PRJ-0023,165,Project Owner
PRJ-0023,194,QA
PRJ-0023,199,Stakeholder
PRJ-0023,15,Analyst
PRJ-0023,36,QA
PRJ-0024,117,Project Owner
PRJ-0024,170,Stakeholder
PRJ-0024,134,Stakeholder
PRJ-0024,57,Engineer
PRJ-0024,106,QA
PRJ-0025,13,Project Owner
PRJ-0025,89,PM
PRJ-0025,165,QA
PRJ-0025,172,Stakeholder
PRJ-0026,200,Project Owner
PRJ-0026,62,Engineer
PRJ-0026,58,QA
PRJ-0026,77,PM
PRJ-0026,182,PM
PRJ-0026,37,QA
PRJ-0026,119,QA
PRJ-0027,66,Project Owner
PRJ-0027,116,QA
PRJ-0027,95,Analyst
PRJ-0027,24,Engineer
PRJ-0028,61,Project Owner
PRJ-0028,195,QA
PRJ-0028,151,Analyst
PRJ-0028,186,PM
PRJ-0028,172,Analyst
PRJ-0029,71,Project Owner
PRJ-0029,192,Analyst
PRJ-0029,194,QA
PRJ-0029,123,Analyst
PRJ-0030,8,Project Owner
PRJ-0030,167,PM
PRJ-0030,92,Engineer
PRJ-0030,79,PM
PRJ-0030,67,Stakeholder
PRJ-0030,93,Analyst
PRJ-0030,132,Stakeholder
PRJ-0030,128,Stakeholder
